{"blur_front.pvl": [[7.9974205493927, "pass"], [6.719446897506714, "pass"], [6.705964803695679, "pass"], [6.851639986038208, "pass"], [6.633397579193115, "pass"]], "blur_0.pvl": [[13.65020751953125, "pass"], [13.433368444442749, "pass"], [13.279106855392456, "pass"], [13.395857810974121, "pass"], [12.603583812713623, "pass"]], "blur_1.pvl": [[21.358681678771973, "pass"], [20.72337293624878, "pass"], [20.448614835739136, "pass"], [20.527365684509277, "pass"], [20.7228000164032, "pass"]], "blur_2.pvl": [[50.88877773284912, "pass"], [51.812737226486206, "pass"], [50.66995048522949, "pass"], [51.73524022102356, "pass"], [50.640151023864746, "pass"]], "blur_3.pvl": [[33.12764501571655, "pass"], [34.104480028152466, "pass"], [33.65481901168823, "pass"], [36.66870474815369, "pass"], [32.5424108505249, "pass"]], "blur_0_mem.pvl": [[10.535580158233643, "pass"], [10.202476024627686, "pass"], [10.440633773803711, "pass"], [10.381158351898193, "pass"], [10.26109266281128, "pass"]], "blur_1_mem.pvl": [[18.960262775421143, "pass"], [19.197765350341797, "pass"], [19.013516664505005, "pass"], [18.753687858581543, "pass"], [18.571043491363525, "pass"]], "blur_2_mem.pvl": [[38.466288566589355, "pass"], [37.89464998245239, "pass"], [38.36371612548828, "pass"], [38.48776197433472, "pass"], [38.726362466812134, "pass"]], "blur_3_mem.pvl": [[24.232760667800903, "pass"], [23.91058659553528, "pass"], [23.855724096298218, "pass"], [24.332497596740723, "pass"], [23.759515285491943, "pass"]], "hist_front.pvl": [[6.8844544887542725, "pass"], [6.912502765655518, "pass"], [7.027156829833984, "pass"], [6.9468913078308105, "pass"], [6.669429302215576, "pass"]], "hist_0.pvl": [[21.748135328292847, "pass"], [22.452910661697388, "pass"], [22.08118438720703, "pass"], [22.281054496765137, "pass"], [22.018572330474854, "pass"]], "hist_1.pvl": [[61.38185238838196, "pass"], [55.291691064834595, "pass"], [65.89016222953796, "pass"], [47.60595917701721, "pass"], [76.7752583026886, "pass"]], "hist_2.pvl": [[46.73009204864502, "pass"], [48.042900800704956, "pass"], [49.82682156562805, "pass"], [50.325016260147095, "pass"], [45.552796602249146, "pass"]], "hist_3.pvl": [[94.10218167304993, "pass"], [88.88361382484436, "pass"], [94.68322944641113, "pass"], [88.87892627716064, "pass"], [257.68081974983215, "fail"]], "hist_0_mem.pvl": [[17.68458318710327, "pass"], [17.590042114257812, "pass"], [18.102554082870483, "pass"], [17.61052632331848, "pass"], [17.951159477233887, "pass"]], "hist_1_mem.pvl": [[32.68897891044617, "pass"], [32.03606367111206, "pass"], [31.878413677215576, "pass"], [31.717654943466187, "pass"], [32.51003551483154, "pass"]], "hist_2_mem.pvl": [[43.31311631202698, "pass"], [44.446144580841064, "pass"], [40.22572112083435, "pass"], [39.4953887462616, "pass"], [40.40634107589722, "pass"]], "hist_3_mem.pvl": [[70.02856850624084, "pass"], [70.87549495697021, "pass"], [72.70118188858032, "pass"], [70.83998513221741, "pass"], [71.19889974594116, "pass"]], "conv_layer_front.pvl": [[6.685810804367065, "pass"], [6.724940776824951, "pass"], [6.669695854187012, "pass"], [6.981883764266968, "pass"], [6.753157138824463, "pass"]], "conv_layer_0.pvl": [[33.964776039123535, "pass"], [35.30291938781738, "pass"], [33.44036293029785, "pass"], [34.366132736206055, "pass"], [34.22221517562866, "pass"]], "conv_layer_1.pvl": [[47.68496036529541, "pass"], [48.21049785614014, "pass"], [47.95186376571655, "pass"], [46.803208351135254, "pass"], [50.062487840652466, "pass"]], "conv_layer_2.pvl": [[176.060120344162, "pass"], [211.6642346382141, "pass"], [176.30132412910461, "pass"], [173.02258014678955, "pass"], [174.4055950641632, "pass"]], "conv_layer_3.pvl": [[168.01654052734375, "pass"], [141.27220034599304, "pass"], [149.3681297302246, "pass"], [146.35004925727844, "pass"], [136.49782872200012, "pass"]], "conv_layer_0_mem.pvl": [[29.764593362808228, "pass"], [29.07184910774231, "pass"], [29.470366716384888, "pass"], [30.041674613952637, "pass"], [28.825616359710693, "pass"]], "conv_layer_1_mem.pvl": [[41.7623085975647, "pass"], [42.42669677734375, "pass"], [42.14963221549988, "pass"], [41.94337439537048, "pass"], [42.45721626281738, "pass"]], "conv_layer_2_mem.pvl": [[151.60499787330627, "pass"], [79.94482254981995, "fail"], [80.26298379898071, "fail"], [78.22999691963196, "fail"], [148.36696457862854, "pass"]], "conv_layer_3_mem.pvl": [[114.70657682418823, "pass"], [113.34244561195374, "pass"], [117.23488426208496, "pass"], [115.38658499717712, "pass"], [113.20348596572876, "pass"]], "gemm_front.pvl": [[6.180357933044434, "pass"], [6.542296886444092, "pass"], [6.313752174377441, "pass"], [6.189374208450317, "pass"], [6.198125123977661, "pass"]], "gemm_0.pvl": [[18.52780842781067, "pass"], [18.3461492061615, "pass"], [18.8440899848938, "pass"], [18.1072998046875, "pass"], [18.113914251327515, "pass"]], "gemm_1.pvl": [[197.45713186264038, "pass"], [134.81624174118042, "pass"], [116.39693832397461, "pass"], [143.01826333999634, "pass"], [150.2519211769104, "pass"]], "gemm_2.pvl": [[107.77864480018616, "fail"], [180.36865234375, "pass"], [211.351336479187, "pass"], [107.71623373031616, "fail"], [329.68902468681335, "pass"]], "gemm_3.pvl": [[56.4005229473114, "fail"], [57.54173707962036, "fail"], [55.786051511764526, "fail"], [55.13975501060486, "fail"], [56.33912420272827, "fail"]], "gemm_0_mem.pvl": [[15.852267503738403, "pass"], [16.15820074081421, "pass"], [16.029895544052124, "pass"], [16.525256395339966, "pass"], [15.983412981033325, "pass"]], "gemm_1_mem.pvl": [[92.4694082736969, "pass"], [102.19803810119629, "pass"], [110.30449557304382, "pass"], [96.80641794204712, "pass"], [115.28347659111023, "pass"]], "gemm_2_mem.pvl": [[111.22277879714966, "pass"], [141.47200846672058, "pass"], [127.85471725463867, "fail"], [120.5279848575592, "pass"], [112.4214859008789, "pass"]], "gemm_3_mem.pvl": [[45.99678349494934, "fail"], [43.05155396461487, "fail"], [42.886749505996704, "fail"], [57.05534505844116, "fail"], [42.77601957321167, "fail"]], "auto_viz_front.pvl": [[3.0322988033294678, "fail"], [2.8687632083892822, "fail"], [2.9278345108032227, "fail"], [2.872469186782837, "fail"], [2.8558852672576904, "fail"]], "auto_viz_0.pvl": [[70.677663564682, "pass"], [33.674312353134155, "pass"], [65.16685938835144, "pass"], [114.41196727752686, "pass"], [78.51920318603516, "pass"]], "auto_viz_1.pvl": [[107.93406343460083, "pass"], [106.35649585723877, "pass"], [109.29467153549194, "pass"], [106.91464352607727, "pass"], [106.41786909103394, "pass"]], "auto_viz_2.pvl": [[180.5433795452118, "pass"], [179.80144929885864, "pass"], [190.90297746658325, "pass"], [182.35653233528137, "pass"], [179.83675456047058, "pass"]], "auto_viz_3.pvl": [[234.34830045700073, "pass"], [257.94391345977783, "pass"], [206.0595142841339, "pass"], [263.8603937625885, "pass"], [226.4448766708374, "pass"]], "auto_viz_0_mem.pvl": [[26.411652326583862, "pass"], [27.598737478256226, "pass"], [26.080477952957153, "pass"], [26.167540550231934, "pass"], [26.951722383499146, "pass"]], "auto_viz_1_mem.pvl": [[75.9581651687622, "pass"], [81.24843573570251, "pass"], [79.94814085960388, "pass"], [83.45424914360046, "pass"], [80.23373055458069, "pass"]], "auto_viz_2_mem.pvl": [[138.89624428749084, "pass"], [136.578280210495, "pass"], [137.98116540908813, "pass"], [136.04259181022644, "pass"], [137.22460341453552, "pass"]], "auto_viz_3_mem.pvl": [[176.68291449546814, "pass"], [178.17078590393066, "pass"], [179.60793733596802, "pass"], [176.8776514530182, "pass"], [173.91823840141296, "pass"]], "camera_pipe_mem.pvl": [[214.77143740653992, "pass"], [369.33358907699585, "fail"], [331.00580406188965, "pass"], [205.7704212665558, "pass"], [242.73656511306763, "pass"]], "bilateral_grid_mem.pvl": [[155.65312337875366, "pass"], [158.74300003051758, "pass"], [158.07167029380798, "pass"], [157.238703250885, "pass"], [157.11055397987366, "pass"]],