{"blur_front.pvl": [[11.865182161331177, "pass"], [7.574038982391357, "pass"], [7.351085186004639, "pass"], [7.277905464172363, "pass"], [7.195260047912598, "pass"]], "blur_0.c": [[20.90111255645752, "pass"], [20.648374557495117, "pass"], [20.586686849594116, "pass"], [20.382712841033936, "pass"], [20.739370584487915, "pass"]], "blur_1.c": [[22.70334553718567, "pass"], [22.951363801956177, "pass"], [22.826069355010986, "pass"], [22.77279257774353, "pass"], [22.836171865463257, "pass"]], "blur_2.c": [[51.60849118232727, "pass"], [52.58033299446106, "pass"], [51.934107065200806, "pass"], [51.20107436180115, "pass"], [55.01764893531799, "pass"]], "blur_3.c": [[617.7799799442291, "timeout"], [54.254055976867676, "pass"], [78.04407119750977, "pass"], [41.680989503860474, "pass"], [213.84423756599426, "pass"]], "blur_0_mem.c": [[17.42905044555664, "pass"], [17.645423412322998, "pass"], [17.45188307762146, "pass"], [17.030803203582764, "pass"], [18.079102754592896, "pass"]], "blur_1_mem.c": [[18.772125482559204, "pass"], [18.892064571380615, "pass"], [19.096665143966675, "pass"], [18.666595220565796, "pass"], [18.77256464958191, "pass"]], "blur_2_mem.c": [[29.354419708251953, "pass"], [28.880892515182495, "pass"], [28.864463329315186, "pass"], [29.32770347595215, "pass"], [29.663180351257324, "pass"]], "blur_3_mem.c": [[24.14548921585083, "pass"], [24.557117462158203, "pass"], [24.296324729919434, "pass"], [24.39625382423401, "pass"], [24.64406704902649, "pass"]], "hist_front.pvl": [[8.067814588546753, "pass"], [7.8144309520721436, "pass"], [7.801579475402832, "pass"], [7.879427671432495, "pass"], [7.928163290023804, "pass"]], "hist_0.c": [[34.14894413948059, "pass"], [33.97625708580017, "pass"], [34.64122986793518, "pass"], [34.59318470954895, "pass"], [33.70765399932861, "pass"]], "hist_1.c": [[44.22353410720825, "pass"], [48.44002151489258, "pass"], [47.12292218208313, "pass"], [47.95766758918762, "pass"], [45.41375374794006, "pass"]], "hist_2.c": [[57.88538432121277, "pass"], [54.705116748809814, "pass"], [55.918978691101074, "pass"], [56.25986385345459, "pass"], [56.5538215637207, "pass"]], "hist_3.c": [[67.50185632705688, "pass"], [64.30388879776001, "pass"], [61.95111584663391, "pass"], [62.343353033065796, "pass"], [64.40914916992188, "pass"]], "hist_0_mem.c": [[29.794788360595703, "pass"], [29.56563138961792, "pass"], [29.09300661087036, "pass"], [29.804678916931152, "pass"], [29.698484182357788, "pass"]], "hist_1_mem.c": [[37.49772882461548, "pass"], [38.421916007995605, "pass"], [37.338987588882446, "pass"], [40.12236952781677, "pass"], [37.75923252105713, "pass"]], "hist_2_mem.c": [[46.47459673881531, "pass"], [48.14034080505371, "pass"], [50.19056487083435, "pass"], [47.871612548828125, "pass"], [48.85582160949707, "pass"]], "hist_3_mem.c": [[48.246546030044556, "pass"], [47.94752025604248, "pass"], [47.19090914726257, "pass"], [47.36736440658569, "pass"], [49.206326484680176, "pass"]], "conv_layer_front.pvl": [[7.931631565093994, "pass"], [7.670946836471558, "pass"], [7.610842704772949, "pass"], [7.610875606536865, "pass"], [7.636842250823975, "pass"]], "conv_layer_0.c": [[113.19444680213928, "pass"], [113.68124771118164, "pass"], [112.27872586250305, "pass"], [106.12185287475586, "pass"], [109.14009690284729, "pass"]], "conv_layer_1.c": [[109.34847092628479, "pass"], [108.11739087104797, "pass"], [106.78448224067688, "pass"], [108.23670816421509, "pass"], [106.86386227607727, "pass"]], "conv_layer_2.c": [[293.74671840667725, "pass"], [254.9383409023285, "pass"], [319.7352125644684, "pass"], [269.6921355724335, "pass"], [276.0496287345886, "pass"]], "conv_layer_3.c": [[207.12837314605713, "pass"], [227.27790665626526, "pass"], [208.44355535507202, "pass"], [175.0373411178589, "pass"], [218.1145417690277, "pass"]], "conv_layer_0_mem.c": [[89.4819405078888, "pass"], [91.61838507652283, "pass"], [89.9110267162323, "pass"], [90.10309195518494, "pass"], [90.09133911132812, "pass"]], "conv_layer_1_mem.c": [[97.1854453086853, "pass"], [96.20630049705505, "pass"], [97.32192277908325, "pass"], [98.41278576850891, "pass"], [97.26774859428406, "pass"]], "conv_layer_2_mem.c": [[206.89761996269226, "pass"], [212.82534646987915, "pass"], [172.7359504699707, "pass"], [219.2483241558075, "pass"], [234.38676404953003, "pass"]], "conv_layer_3_mem.c": [[190.549072265625, "pass"], [139.71815967559814, "pass"], [188.29917001724243, "pass"], [146.09429931640625, "pass"], [176.40699672698975, "pass"]], "gemm_front.pvl": [[7.250508069992065, "pass"], [7.178832054138184, "pass"], [7.327803611755371, "pass"], [7.383362531661987, "pass"], [7.200257778167725, "pass"]], "gemm_0.c": [[42.61502432823181, "pass"], [43.8388135433197, "pass"], [43.28384280204773, "pass"], [42.732712745666504, "pass"], [43.890790939331055, "pass"]], "gemm_1.c": [[133.14784717559814, "pass"], [127.87507510185242, "pass"], [128.42312097549438, "pass"], [132.70653200149536, "pass"], [144.82172393798828, "pass"]], "gemm_2.c": [[332.8334720134735, "pass"], [344.7071032524109, "pass"], [486.73455452919006, "pass"], [336.14625120162964, "pass"], [337.4022991657257, "pass"]], "gemm_3.c": [[67.95886707305908, "fail"], [64.07606267929077, "fail"], [64.88355803489685, "fail"], [68.25130319595337, "fail"], [67.02461743354797, "fail"]], "gemm_0_mem.c": [[39.93472480773926, "pass"], [41.417466163635254, "pass"], [41.68156456947327, "pass"], [41.048643350601196, "pass"], [41.20119595527649, "pass"]], "gemm_1_mem.c": [[88.55074572563171, "pass"], [87.97979211807251, "pass"], [85.54898715019226, "pass"], [91.56205582618713, "pass"], [88.94692587852478, "pass"]], "gemm_2_mem.c": [[197.16173601150513, "fail"], [202.9020528793335, "pass"], [189.86872935295105, "pass"], [165.02103519439697, "pass"], [227.21109414100647, "pass"]], "gemm_3_mem.c": [[64.24636912345886, "fail"], [65.019207239151, "fail"], [63.31368589401245, "fail"], [63.51318144798279, "fail"], [65.2847204208374, "fail"]], "auto_viz_front.pvl": [[8.248807191848755, "pass"], [8.544826745986938, "pass"], [8.409684896469116, "pass"], [8.365926027297974, "pass"], [8.697073698043823, "pass"]], "auto_viz_0.c": [[622.3574771881104, "timeout"], [107.20810270309448, "pass"], [622.1120643615723, "timeout"], [195.9731342792511, "pass"], [622.1307377815247, "timeout"]], "auto_viz_1.c": [[241.2438406944275, "pass"], [221.09804582595825, "pass"], [213.43425393104553, "pass"], [201.8329577445984, "pass"], [200.79564571380615, "pass"]], "auto_viz_2.c": [[218.40252447128296, "pass"], [626.502334356308, "timeout"], [628.4928359985352, "timeout"], [217.9584367275238, "pass"], [253.1143798828125, "pass"]], "auto_viz_3.c": [[173.48936223983765, "pass"], [163.23688745498657, "pass"], [163.6888074874878, "pass"], [269.48779487609863, "pass"], [631.9301035404205, "timeout"]], "auto_viz_0_mem.c": [[35.55627250671387, "pass"], [34.810927867889404, "pass"], [34.01641368865967, "pass"], [36.21943640708923, "pass"], [34.40454053878784, "pass"]], "auto_viz_1_mem.c": [[174.3705930709839, "pass"], [178.94293189048767, "pass"], [187.4088215827942, "pass"], [178.51082348823547, "pass"], [182.06373643875122, "pass"]], "auto_viz_2_mem.c": [[171.2433841228485, "pass"], [168.64016914367676, "pass"], [168.32047581672668, "pass"], [171.9375340938568, "pass"], [168.8046567440033, "pass"]], "auto_viz_3_mem.c": [[104.2061607837677, "pass"], [96.51395034790039, "pass"], [109.36490607261658, "pass"], [107.76716804504395, "pass"], [106.75240802764893, "pass"]], "camera_pipe_mem.c": [[80.6084520816803, "fail"], [637.5702359676361, "timeout"], [109.79154920578003, "fail"], [71.03105306625366, "fail"], [71.78506708145142, "fail"]], "bilateral_grid_mem.c": [[138.77388739585876, "pass"], [135.2185628414154, "pass"], [136.68230652809143, "pass"], [141.1293501853943, "pass"], [147.88637042045593, "pass"]], "depthwise_separable_conv_mem.c": [[483.37626934051514, "pass"], [479.2138104438782, "pass"], [465.8845248222351, "pass"], [483.8912889957428, "pass"], [487.6494994163513, "pass"]]}